pooling_ratio,reward,num_layers,id,seed,dataset,conv,edge_ratio,decoupled,K
0.799915408,0.4166666666666667,4,xQrHQ,777,ENZYMES,ChebConv,0.570095095,False,1
0.799915408,0.5,4,KbFwK,777,ENZYMES,ChebConv,0.570095095,True,1
0.799915408,0.26666666666666666,4,cGQAq,777,ENZYMES,LiCheb,0.570095095,False,1
0.799915408,0.6333333333333333,4,YT7N6,777,ENZYMES,LiCheb,0.570095095,True,1
